{"cameraMode":{"drawMode":0,"name":"Shaded","section":"Shading Mode"},"sceneLighting":false,"audioPlay":false,"sceneViewState":{"m_AlwaysRefresh":false,"showFog":true,"showSkybox":false,"showFlares":true,"showImageEffects":true,"showParticleSystems":true,"showVisualEffectGraphs":true,"m_FxEnabled":true},"in2DMode":false,"pivot":{"x":-0.027656016871333123,"y":-0.016585834324359895,"z":-0.11574142426252365},"rotation":{"x":-0.18669739365577699,"y":0.01090200524777174,"z":-0.0020743932109326126,"w":-0.9823603630065918},"size":0.3125811517238617,"orthographic":false}